Device,N_Sweeps,Mean_Intra_Distance,Std_Intra_Distance,Max_Intra_Distance,First_Last_Distance,Drift_Per_Sweep
1,5,0.4281327817753282,0.19579754819653422,0.8230716953567084,0.8230716953567093,0.20576792383917733
10,5,0.4540509457323075,0.0706051042645141,0.5796546641867223,0.5193978640758472,0.1298494660189618
100,5,1.282235125152289,0.5973273628114881,2.42540815609094,2.425408156090941,0.6063520390227353
101,5,2.684833583715372,1.332312435012757,5.529784393360294,5.5297843933603,1.382446098340075
102,5,1.116321657672677,0.5177656502822364,2.1543696537469796,2.154369653746981,0.5385924134367452
103,5,1.0925417403321742,0.472978426316551,2.0199181738028877,2.019918173802889,0.5049795434507223
104,5,0.9218553950467893,0.3578127770148542,1.6699332509276765,1.6699332509276759,0.41748331273191897
105,5,1.107824065760792,0.45932341587015807,2.030689832014431,2.030689832014431,0.5076724580036077
106,5,2.3272174817851528,1.2067400760706806,4.593745668290846,4.593745668290848,1.148436417072712
107,5,1.5732762121019257,0.7251120512880587,2.9912669208083273,2.9912669208083256,0.7478167302020814
108,5,0.9133473694614113,0.32017831494882554,1.5574667639721012,1.5574667639721036,0.3893666909930259
109,5,1.3588421526310808,0.6264321434476103,2.5828616932817665,2.582861693281764,0.645715423320441
11,5,1.4405536975956172,0.7289470644136113,2.4962634902446528,1.9946444778109989,0.4986611194527497
110,5,1.356771436111058,0.6201709386846498,2.4815526103964283,2.4815526103964283,0.6203881525991071
111,5,1.6071935947938516,0.7713925521530762,3.0496271258297005,3.049627125829701,0.7624067814574252
112,5,0.8279398237061711,0.319603134505591,1.4650611147621067,1.4650611147621058,0.36626527869052644
113,5,0.7291233841635668,0.23200569002244634,1.1201911240129336,1.1161056632701944,0.2790264158175486
114,5,1.2144007965637118,0.5466004345407562,2.276811165458932,2.2768111654589327,0.5692027913647332
115,5,1.2900677155339175,0.5979409688195733,2.5758971268606663,2.5758971268606667,0.6439742817151667
116,5,2.223991984787839,1.1401948641841013,4.300172844751662,4.300172844751663,1.0750432111879158
117,5,1.7372996878292128,0.8733635067729493,3.3590140089259792,3.3590140089259797,0.8397535022314949
118,5,0.5047026246669001,0.060663070034864125,0.5896142814715737,0.589614281471574,0.1474035703678935
119,5,1.570318401546676,0.7925932740406539,3.1381803500570693,3.138180350057068,0.784545087514267
12,5,2.653210974770315,1.0970983415181328,4.1831542400552255,3.7584228525194563,0.9396057131298641
120,5,0.837681685979837,0.27179699426668974,1.4090203756434705,1.409020375643471,0.35225509391086773
121,5,1.6168198962271503,0.7739875046238469,2.990721449536571,2.9907214495365677,0.7476803623841419
122,5,2.376518614587159,1.2486061389621195,4.695705887064404,4.695705887064408,1.173926471766102
123,5,3.1456692970141864,1.6123348115463267,6.291785447656488,6.2917854476564905,1.5729463619141226
124,5,2.09986465431433,1.0526146165629608,3.9630738027189945,3.9630738027189985,0.9907684506797496
125,5,2.0712126527024752,1.1768565879901804,4.136991176620832,4.136991176620829,1.0342477941552073
126,5,2.56421913958275,1.3038872206191816,5.013575515674401,5.013575515674401,1.2533938789186003
127,5,2.652935946448775,1.434669723720066,5.2687247344370975,5.268724734437095,1.3171811836092737
128,5,1.705547632241546,0.953184160125351,3.282124978015193,3.282124978015192,0.820531244503798
129,5,1.8896128803398333,0.937244237826905,3.65216249979089,3.6521624997908897,0.9130406249477224
13,5,0.38490221737287084,0.18826809018727067,0.6651056042254639,0.6651056042254637,0.16627640105636593
130,5,1.1500585792362572,0.5834855500668364,2.1357473721340616,2.135747372134063,0.5339368430335157
131,5,0.6411838625196131,0.20230166344865205,0.9272044321770027,0.9272044321770033,0.23180110804425083
132,5,1.1267111561836078,0.5032807111419164,2.157926012757764,2.157926012757764,0.539481503189441
133,5,0.8765911630422544,0.39452164525343586,1.5422486559558342,1.5422486559558322,0.38556216398895804
134,5,0.7314538079505641,0.2240164419438853,1.163545913776373,1.1635459137763737,0.29088647844409343
135,5,1.3152959378663795,0.5843505960310897,2.4362959259064483,2.43629592590645,0.6090739814766125
136,5,0.8173473357061324,0.31490223065218775,1.4025556620678692,1.402555662067868,0.350638915516967
137,5,0.7158934913186288,0.24194101426812323,1.2100843146496165,1.2100843146496154,0.30252107866240385
138,5,0.8884644273658651,0.34072804094470194,1.542813512806742,1.5428135128067435,0.3857033782016859
139,5,1.246593173866249,0.5709365015499179,2.3603578375663314,2.360357837566332,0.590089459391583
14,5,0.6750517453963085,0.32412727258114615,1.220245334065164,1.2202453340651644,0.3050613335162911
140,5,1.048100376661106,0.4185516549218714,1.8981385719419883,1.8981385719419872,0.4745346429854968
15,5,1.5165583611435274,0.8059345974333697,2.9013898308038386,2.4581901297795437,0.6145475324448859
151,5,3.5118534007266655,1.7851141004258684,6.603368032773909,6.603368032773905,1.6508420081934763
152,5,0.8409329571982769,0.421763080354282,1.3770488208823892,1.1634427964384426,0.29086069910961065
153,5,2.6226770885994126,0.7245403926873586,4.008001780096544,1.3121611318168356,0.3280402829542089
154,5,2.567013890625378,1.39510487487205,5.25215237252908,3.6766929335265184,0.9191732333816296
155,5,1.2785913398137088,0.5633323782604817,2.3393191755482428,1.870307520214809,0.46757688005370224
156,5,0.7653833245684929,0.3210998059081206,1.3662416965381097,1.3662416965381088,0.3415604241345272
157,5,2.315858621621564,1.7621258860745694,5.232151416063473,3.510858444036116,0.877714611009029
158,5,1.167973332439243,0.6965916288040078,2.420571308172608,2.420571308172606,0.6051428270431515
159,5,0.524783844841649,0.20372770128121864,0.928123585421702,0.7309802993761708,0.1827450748440427
16,5,1.2555038267441874,0.9171353744353838,2.931854185025489,2.9318541850254896,0.7329635462563724
160,5,0.7689178617781142,0.3746569846430879,1.5403627910510442,1.540362791051043,0.3850906977627607
161,5,0.5791606516192547,0.3317406154555631,1.1084363306765759,0.789459416651912,0.197364854162978
162,5,3.8442563745331766,2.5459811784000514,7.272820966899373,4.775273604305674,1.1938184010764186
163,5,1.4806094592554548,1.1428461256425013,3.1541093500038633,2.1647296983340603,0.5411824245835151
164,5,1.2673486653844868,0.9419269081747557,2.725520732854033,2.725520732854033,0.6813801832135082
165,5,0.7037934241246651,0.3109073646210483,1.059722790350882,1.0554351502530195,0.26385878756325487
166,5,0.9516609400931149,0.3793411582559568,1.5389284731864166,0.6818253798634293,0.17045634496585732
167,5,6.135611391856615,5.5333066654040834,13.820421187576946,13.82042118757694,3.455105296894235
168,5,4.651023398517703,3.15756364443074,9.171937822041112,9.171937822041107,2.2929844555102767
169,5,0.9997545249883519,0.5907840961039155,1.662492110289627,1.6624921102896277,0.41562302757240693
17,5,1.051384325008399,0.9910815558717029,2.3890631721291316,2.389063172129131,0.5972657930322828
170,5,2.417176365946784,1.2816364475999489,4.695575929968032,4.695575929968031,1.1738939824920078
171,5,1.4665867923797407,0.8034681854268702,2.8959225216161237,2.8959225216161326,0.7239806304040332
172,5,1.3873754479353377,0.7233030175876421,2.3728282940182455,2.372828294018242,0.5932070735045605
173,5,0.6180359833918152,0.2639033296603013,1.0759343254546128,0.8092327674942325,0.2023081918735581
174,5,1.0547762102776341,0.46196999693925633,2.0549301495460464,2.0549301495460495,0.5137325373865124
175,5,1.1761807072332835,0.6583519407694018,1.9353089396445655,0.4433844732589993,0.11084611831474983
176,5,1.6231388666259523,0.8351593533600158,3.2293650107748193,3.229365010774823,0.8073412526937057
177,5,2.6851000574412653,1.6759955739386192,4.771077590047187,4.537078115232703,1.1342695288081757
178,5,1.1724984844127904,0.5443477656168253,2.2689992795318665,0.6556331777720618,0.16390829444301544
179,5,1.3929328402920675,1.154520388459102,2.8254813970714467,2.7838548955881466,0.6959637238970366
18,5,1.2730116810235685,0.6844883348004747,2.4456930519721287,0.9456090832008396,0.2364022708002099
180,5,1.5555376853905327,1.06436734441693,3.294153918200631,2.889418683093248,0.722354670773312
181,5,0.8901636635315049,0.40972831098130746,1.743895067428205,1.4482787614382973,0.3620696903595743
182,5,2.0092215024079803,1.1206612514793637,3.842438613344017,3.813831236137304,0.953457809034326
183,5,0.6760243627655865,0.3996768430713879,1.2105348097562363,1.2105348097562356,0.3026337024390589
184,5,1.364468291212906,0.7311972698556995,2.9638851375023805,2.963885137502379,0.7409712843755948
185,5,1.1525708526543939,0.7354784046557502,2.341816028589417,2.3418160285894185,0.5854540071473546
186,5,1.4652351400294183,1.2648149147680352,3.2225541207228314,2.9688388516969613,0.7422097129242403
187,5,0.8375975284121772,0.37163142995333953,1.4352006176748904,0.5985600676070997,0.14964001690177492
188,5,2.5500084342830807,1.3268948934823286,5.454482692103968,5.45448269210397,1.3636206730259925
189,5,0.7049523875256495,0.2645223433988853,1.2668358332831622,0.7374753847429428,0.1843688461857357
19,5,1.7760245975154452,0.9625380854220531,3.5092594429608464,3.5092594429608464,0.8773148607402116
190,5,1.9067747335353111,1.3422792308172782,3.866391155074677,3.6208215114614375,0.9052053778653594
191,5,2.5909761598819725,1.6672183049266573,5.404786030190379,5.404786030190377,1.3511965075475942
192,5,0.4223102817010121,0.12235520774300804,0.6197664634267948,0.3114001248249654,0.07785003120624134
193,5,1.6925726134201562,0.7722722318421389,3.288394791298422,2.4326652435001943,0.6081663108750486
194,5,2.929074431388476,2.145000884548812,6.5415445545099535,5.553737927533071,1.3884344818832677
195,5,2.1429987626398956,1.5691571466888472,4.787354809035962,3.291940409913124,0.822985102478281
196,5,2.614711252251556,1.938891317240637,5.662710455164702,4.900190496053404,1.225047624013351
197,5,2.152326800570024,1.72692672570957,4.758627494762452,4.758627494762452,1.189656873690613
198,5,0.8281395162231661,0.3011587126645958,1.2861793652285092,1.28617936522851,0.3215448413071275
199,5,0.4903575636099512,0.20488131902061066,0.9180166656341789,0.5754030424163658,0.14385076060409144
2,5,1.0582149877042641,0.6758859019550478,2.039530369776245,0.6090982993729332,0.1522745748432333
20,5,2.124476667751108,1.7483018225695544,4.505971410715974,1.3394477163544614,0.33486192908861534
200,5,1.3414747918688124,1.081558133497505,2.8183920803567575,2.818392080356756,0.704598020089189
202,5,3.6747836762443287,3.717799424554423,8.63135062434555,7.824638274731801,1.9561595686829503
203,5,3.0429709024433467,2.297709147965196,6.342046464585341,6.342046464585348,1.585511616146337
204,5,0.9186768045119209,0.4788807309725019,1.7475216055433138,1.7475216055433125,0.4368804013858281
205,5,0.4253332321944635,0.1495762827070397,0.7308438276315262,0.31536988435397617,0.07884247108849404
206,5,2.694769572908011,1.7878556570381177,5.50962227053326,5.198599006696183,1.2996497516740457
207,5,2.2439234881053145,1.6119088149064449,4.781704588328321,4.579657566269043,1.1449143915672608
208,5,2.1382310097719412,1.0636635372375056,3.5271144204403915,0.886380470753318,0.2215951176883295
209,5,0.36774218270076947,0.10502089554449444,0.5106780212976276,0.4993383341399685,0.12483458353499212
21,5,2.0475560880987604,1.1213695249403615,3.9850941707108505,1.3217395216886478,0.33043488042216196
210,5,1.2068918712947712,0.952735834975958,2.587132020650641,2.418850962085638,0.6047127405214096
211,5,0.6633553994685282,0.32062712952277284,1.2081577887034407,1.1860704544675573,0.29651761361688933
212,5,1.2354904340464474,0.8223007766119385,2.6010336762583983,2.3132202181035386,0.5783050545258847
213,5,1.635812900695532,1.2285059569278052,3.4888089730518295,3.1303168701280035,0.7825792175320009
214,5,1.344283036241141,0.8546852421578307,2.6855790731521836,1.8644664416799706,0.46611661041999264
215,5,2.263334240545986,1.4251323324117393,4.281856733170222,4.217995507236554,1.0544988768091386
216,5,2.6876999094425744,2.168112650152991,5.669489048729599,5.669489048729603,1.4173722621824008
217,5,0.4796328581320446,0.1879422733496887,0.8981866109016509,0.5677452112114227,0.14193630280285569
218,5,2.4622516728639514,1.6181384978547515,4.5511628414726495,4.551162841472648,1.137790710368162
219,5,0.6977470259221408,0.2849432461862077,1.2998284798509039,0.4976998241440907,0.12442495603602267
22,5,1.0534494534958658,0.6401371609755292,1.9904636094698778,1.065377699293732,0.266344424823433
220,5,1.6686687070425372,0.8533327194901883,3.2900340652598814,2.4833583465631763,0.6208395866407941
221,5,4.161348047847964,2.581684892501495,8.35054787656625,8.350547876566248,2.087636969141562
222,5,2.4817360465808607,1.1627121787446129,4.258499799759969,4.258499799759965,1.0646249499399913
223,5,1.5673327384355051,1.0092540498745564,3.1543300739199425,2.4721296403186135,0.6180324100796534
224,5,0.6749114384727075,0.30427472112550663,1.016738982905928,1.016738982905927,0.25418474572648175
225,5,1.475413786223498,0.8684618274274113,3.0271597408169653,3.0271597408169697,0.7567899352042424
226,5,3.097569206118336,2.1371488174847437,6.550218915935462,6.239489830766189,1.5598724576915473
227,5,2.934874311778838,2.8417596755093593,6.856936543894773,6.856936543894775,1.7142341359736937
228,5,2.6646393276852747,1.7390454507482385,5.133138649116162,5.1331386491161615,1.2832846622790404
229,5,0.8746123312332813,0.47157386794769174,1.8565469848999663,1.8565469848999672,0.4641367462249918
23,5,1.2782620887807628,0.8487982097449491,2.1171629935656604,2.1171629935656604,0.5292907483914151
230,5,0.5564626092333382,0.22714486487065094,1.0365917632461312,0.855570120849442,0.2138925302123605
231,5,3.7164651571995804,2.5686171213523195,8.069312006234584,8.06931200623459,2.0173280015586474
232,5,1.9676791082936778,1.0512643763370306,3.9025118119400357,3.902511811940034,0.9756279529850085
233,5,5.055529973478057,2.7059361249775105,9.502415830187786,9.502415830187772,2.375603957546943
234,5,1.400666737928701,1.1594587582283453,3.036501184193933,2.8343540767543858,0.7085885191885964
235,5,5.7624943746346995,3.5928958891191307,11.489971638316373,11.489971638316389,2.872492909579097
236,5,1.416157473141784,0.8114004943994004,2.7491526138684694,2.61180604072269,0.6529515101806725
237,5,0.9374710680021243,0.48030087239463637,1.9681896043363816,0.730614376722528,0.182653594180632
238,5,3.1955528781176414,2.8613809438107944,7.039345547168529,7.03934554716853,1.7598363867921325
239,5,1.5407170262148537,0.8737463119920167,3.051386822592978,3.0513868225929794,0.7628467056482449
24,5,0.8898358654346913,0.2757513882313546,1.3838794123609504,1.206465612316019,0.3016164030790047
240,5,1.9626886389975422,1.4113506142257546,4.272551074930619,4.272551074930613,1.0681377687326532
241,5,2.1045221659137896,1.0476429007158976,3.902692675626544,3.9026926756265428,0.9756731689066357
242,5,3.1320776876765946,1.5875540725921267,5.837479304539423,5.837479304539422,1.4593698261348556
243,5,0.6126283280395542,0.3079730457603441,1.0839698418216515,0.7997227766750576,0.1999306941687644
244,5,0.30099453657757136,0.06378760394046198,0.4008442432452652,0.35832759884447324,0.08958189971111831
245,5,1.2427798802308987,0.6016175212881766,2.45030830387429,0.801464941599568,0.200366235399892
246,5,2.384110943437011,1.6022059629475096,5.002246353095683,4.0620675665405,1.015516891635125
247,5,1.576808600799531,1.2412653126679385,3.3576582307235685,3.357658230723563,0.8394145576808908
248,5,1.0341318131367878,0.5415951831819321,1.9980695728064715,1.9980695728064715,0.49951739320161787
249,5,1.6664757150180598,0.9353251457506295,3.3006399692053665,3.300639969205369,0.8251599923013423
25,5,0.5040962231323978,0.1691110859211921,0.5781462871150926,0.5151688822317501,0.12879222055793751
250,5,2.936540703313948,1.509751894130802,6.003566015665879,6.003566015665874,1.5008915039164685
251,5,3.0174056089183936,1.7679356117038814,5.912331898430411,5.912331898430409,1.4780829746076023
252,5,1.200489222569591,0.46850928310492046,1.911651649360377,1.9116516493603768,0.4779129123400942
255,5,0.7699205507542837,0.6312275023968377,1.6581701682606858,1.6581701682606855,0.4145425420651714
256,5,1.4845317109662135,0.5429703041105739,2.644503814011463,1.8329682887072318,0.45824207217680796
257,5,0.7059927800864891,0.5222937485524392,1.4998232873753885,1.3294966008918758,0.33237415022296896
259,5,1.8010219065762356,1.0236576528656032,3.7356479782795544,3.288737119602674,0.8221842799006684
26,5,1.57598924116347,0.6344303686048344,2.6707417666198734,2.2939109828386424,0.5734777457096606
260,5,1.8673802176471472,1.0739122106091108,3.254957449937724,2.3652844039711733,0.5913211009927933
261,5,4.518060321423014,2.4816498652684325,7.834439056837666,7.834439056837662,1.9586097642094156
262,5,2.0094184338065353,1.3396424163403433,4.03994871855601,3.487982044620095,0.8719955111550237
263,5,0.9755038324864124,0.45809498225463163,1.8753619772671828,1.43894808050292,0.35973702012573
264,5,1.2597951391546676,0.5692457582257496,2.4625399935288574,1.8734081156975086,0.46835202892437716
265,5,0.9190314575932497,0.41037920854944704,1.5640166909358806,0.580406728991024,0.145101682247756
266,5,1.2519669782980636,0.609214337895389,2.1241043534746473,1.565954240331799,0.39148856008294974
267,5,2.5398550967601725,1.9070749502850721,5.461502500653181,5.461502500653182,1.3653756251632956
268,5,1.0484531644958521,0.7086848693940335,2.1372826617493224,1.729505512741407,0.43237637818535174
269,5,4.548635261203404,4.219244800789449,10.252350311563555,10.252350311563552,2.563087577890888
27,5,0.5829768640307875,0.1805097990641969,0.8260460927819678,0.8043147072532867,0.20107867681332167
270,5,1.6638378139030916,1.3154645108300427,3.586287275488916,3.586287275488917,0.8965718188722293
271,5,2.138240444497666,1.5943835704703044,4.484579443531837,4.484579443531838,1.1211448608829595
272,5,1.0849176272274768,0.7257000612474778,2.2349322206039437,1.4022703285251883,0.3505675821312971
273,5,2.4389211141221105,1.2579343761957815,4.935881504721564,4.935881504721567,1.2339703761803917
274,5,3.085374516861252,1.5653751817616197,6.1310142346863685,6.13101423468636,1.53275355867159
275,5,1.300156033467363,0.598277932377711,2.358741231849581,2.2443822151701562,0.5610955537925391
276,5,1.3445244213235228,0.6771710560772052,2.078296130722392,1.2160317615184393,0.3040079403796098
277,5,2.2809766374467157,0.9569573130864445,4.013647929927547,3.531672324584092,0.882918081146023
278,5,3.428343988374137,3.084842875199895,7.7055978998495664,7.584017802002291,1.8960044505005726
279,5,2.4079450798710345,1.8354587650416805,5.067718796232049,4.987895891766177,1.2469739729415443
28,5,0.5744232758940753,0.12459809710085756,0.8107894362769795,0.7501710664255334,0.18754276660638336
280,5,2.283715603142226,1.3592522817807773,4.882262185048424,4.882262185048428,1.220565546262107
281,5,1.1613888335603226,0.8990719940080538,2.5938559040211735,0.5554139298696459,0.13885348246741147
282,5,1.979719876987216,1.1629495452370804,3.252267274056025,3.1748154247169857,0.7937038561792464
283,5,0.8873651293924825,0.4295566985143263,1.7511234480073616,0.7569130570324131,0.18922826425810327
284,5,0.7367789212141475,0.34119235125601705,1.2632027670415071,1.1724283793869652,0.2931070948467413
285,5,1.0048282711898833,0.4164705351201705,1.6820102351957311,1.1681160171175955,0.2920290042793989
286,5,2.09696975333508,1.6337547921515634,4.689446890312418,4.689446890312416,1.172361722578104
287,5,1.3027230236087655,0.5456427702776914,2.300224903177292,2.300224903177295,0.5750562257943238
288,5,2.047265757445009,1.2607359320031808,3.4522223298978276,3.0870945640586966,0.7717736410146742
289,5,1.3406734976090093,0.8772681989432312,2.8257539938155927,2.5003326723653263,0.6250831680913316
29,5,1.040668004959217,0.5009249948447593,2.0988133838010645,0.8365979848414009,0.20914949621035023
290,5,3.269986111266686,2.007320447345157,6.523358419383969,6.523358419383977,1.6308396048459943
291,5,0.9206849160236091,0.31419387179539904,1.2963583990246335,1.296358399024634,0.3240895997561585
292,5,1.1602854218321068,0.6882035911734677,2.3163058550648294,0.8138216129030232,0.2034554032257558
293,5,0.3689681524731116,0.17679907260710892,0.6522883249306153,0.47223434081139537,0.11805858520284884
294,5,1.0231681021217236,0.5437269229216058,1.991794711972037,1.829838218709205,0.45745955467730126
295,5,0.4499168342693457,0.25250475030044844,0.8568332979592425,0.5485888147609822,0.13714720369024555
296,5,1.3539760494996538,0.894647181639172,2.9952976988383777,2.1787198563078722,0.5446799640769681
297,5,2.2089613937832313,1.1540339269631203,3.932811269086795,3.731826293092543,0.9329565732731357
298,5,1.4637598866795505,1.0216272985687163,3.106770459837299,3.106770459837295,0.7766926149593237
299,5,2.085197043185645,1.3067054799759037,4.487808516133894,4.4878085161338905,1.1219521290334726
3,5,0.4224703886533419,0.19437469888985348,0.7288671767430858,0.7288671767430857,0.1822167941857714
30,5,0.6905721628112385,0.19605281703777486,1.0624033885937803,0.7283688332520657,0.18209220831301642
300,5,1.1248671086802928,0.8808271839737876,2.4503973684512954,1.992939488440589,0.4982348721101473
301,5,1.2105937329405703,0.6130654068082004,2.378834469069832,2.378834469069832,0.594708617267458
302,5,0.7896437585718111,0.4783529878641996,1.5664528929497905,1.56645289294979,0.3916132232374475
303,5,1.4098947446068195,0.8841497825257681,2.9707220804452668,2.970722080445266,0.7426805201113165
304,5,2.199434040101411,1.4251281818638242,4.5463288218486175,4.546328821848619,1.1365822054621548
305,5,0.6028184284996253,0.2451352146830097,1.0564919309294314,1.0564919309294312,0.2641229827323578
306,5,1.1924139439903918,0.5796543881589212,2.3337178889895074,1.8858476701909002,0.47146191754772504
307,5,0.8477721969056106,0.366032353596907,1.4083178877233764,1.372380359281254,0.3430950898203135
308,5,0.475653753879216,0.19971471105531519,0.8664882914073874,0.8664882914073861,0.21662207285184654
309,5,0.4644794939787774,0.1588133019766724,0.6810414629432056,0.40007569735484266,0.10001892433871067
31,5,0.6507416405672142,0.22879514386853173,1.111870176582869,0.8583629205103837,0.2145907301275959
32,5,1.9815246371843351,0.9462250105688143,3.378079971476857,3.1244130840524975,0.7811032710131244
33,5,5.318418115053293,3.5645061267693365,10.176035275642429,5.9577670104556315,1.4894417526139079
34,5,1.9542070974870913,1.7166097009891057,4.174051809816131,4.174051809816132,1.043512952454033
35,5,0.625739714446135,0.13248047821281234,0.8091251071510657,0.809125107151065,0.20228127678776625
36,5,2.264883674726204,1.4934348667950175,4.395126970333286,4.391002840781327,1.0977507101953317
37,5,0.4845976354780751,0.0457921391964932,0.5451063026238921,0.4362550719902286,0.10906376799755715
38,5,1.6918949518737327,1.0298679074019288,2.658629877227005,2.4184071975794916,0.6046017993948729
39,5,0.7525411496473684,0.30400835032254286,1.2993779572875541,0.7840272108738844,0.1960068027184711
4,5,0.6081033797334843,0.3411244791134349,1.188978624591676,1.1889786245916756,0.2972446561479189
40,5,3.378376595656518,3.157401697007567,7.663754151949801,7.663754151949803,1.9159385379874507
41,5,3.7004184416986483,2.677373749706621,7.386010686011613,7.386010686011614,1.8465026715029036
42,5,0.6355115404540951,0.23117339089980707,0.9804756949393212,0.6031474323124797,0.15078685807811992
43,5,0.4656439353574859,0.13765257573600942,0.6983669038085496,0.6486746152283588,0.1621686538070897
44,5,1.092186869979346,0.7434033823827383,2.1371557582884404,0.6017984391769516,0.1504496097942379
45,5,1.8832480353041472,0.9105615281592148,3.536081319983968,1.5604585573462282,0.39011463933655705
46,5,1.6870719850470994,1.4636937125753116,3.765690483805427,3.5653405369584283,0.8913351342396071
47,5,0.8834694865447228,0.35963263918151345,1.5901280842964087,1.590128084296409,0.39753202107410224
48,5,2.083664014935069,2.0054538395049546,4.639854792919835,4.39544302244426,1.098860755611065
49,5,1.5878294652224558,0.9460576397584821,2.9887382468843215,2.7432584200542216,0.6858146050135554
5,5,0.5801654994545031,0.384678252980317,1.146164732357386,1.0355807652370965,0.25889519130927413
50,5,1.4778476068371507,1.0001835202350662,3.111904843191254,3.1119048431912546,0.7779762107978136
51,5,1.91136800973439,1.0397925911747308,4.015570185359308,4.015570185359305,1.0038925463398263
52,5,3.2782273256690457,2.8948320628369997,7.3675556605877714,7.3675556605877786,1.8418889151469446
53,5,1.1164383650074876,0.6978856697606195,2.2296316600064774,2.229631660006477,0.5574079150016192
54,5,0.9097879282196721,0.5127523431062615,1.721536830188821,1.721536830188823,0.43038420754720574
55,5,2.344421445448197,1.2329362703061229,4.380214986302821,4.380214986302827,1.0950537465757066
56,5,0.7346554351959153,0.24831626487779554,1.304893839089003,0.6034727530716448,0.1508681882679112
57,5,1.033635945645036,0.4341421102157027,1.7955626571273953,1.7955626571273964,0.4488906642818491
58,5,1.5176153249683142,1.3479487456118753,3.240468764552405,3.2075770136066013,0.8018942534016503
59,5,0.4173480162486204,0.06282192050213126,0.5188694055727235,0.438847890545428,0.109711972636357
6,5,0.7336126065713791,0.5972465396695141,1.5436209180708007,1.442348102034976,0.360587025508744
60,5,0.47350432856313834,0.1980442031242003,0.7768132761973054,0.6749315750016143,0.16873289375040357
61,5,0.571695335050569,0.09250281319317873,0.783443000028245,0.7834430000282457,0.19586075000706143
62,5,2.581095536164742,1.6021630370346327,4.281629567632076,4.212930461191878,1.0532326152979694
63,5,8.707926402556224,6.422523939292629,14.908470691191281,13.203712517086322,3.3009281292715804
64,5,1.5820262529173763,0.9666904011512049,3.0894603313495312,3.085724252760031,0.7714310631900078
65,5,1.1868266075324099,0.5966591819583605,2.1786628856995276,2.1073233028923175,0.5268308257230794
66,5,0.6488367640213528,0.2470583381073931,1.0684568227863502,1.068456822786351,0.2671142056965877
67,5,1.1226807568460024,0.5879178037639335,2.1976489604504983,2.1976489604505005,0.5494122401126251
68,5,0.3497341034730515,0.02572384441704367,0.3898568454976122,0.37504587592173116,0.09376146898043279
69,5,0.9000681981611505,0.3834592334969104,1.4349281957034923,1.4349281957034914,0.35873204892587285
7,5,0.7589886514360688,0.5727742127531602,1.565362511410348,1.565362511410348,0.391340627852587
70,5,0.3733563967359773,0.014593990565049104,0.39959825426774814,0.399598254267748,0.099899563566937
71,5,1.0977852033373672,0.4994175558471759,2.0556013481324458,2.0556013481324453,0.5139003370331113
72,5,1.5890529958444877,0.7799161096529987,2.9646462868180925,2.9646462868180965,0.7411615717045241
73,5,0.8414144293762622,0.31999443803929484,1.4693692451177238,1.4693692451177272,0.3673423112794318
74,5,1.0614489817509631,0.47879689154627125,1.985086847160886,1.985086847160886,0.4962717117902215
75,5,0.679123596275238,0.250735093459994,1.174817517456262,1.174817517456262,0.2937043793640655
76,5,0.8973197209337653,0.3680368631299832,1.6248340909287706,1.624834090928771,0.40620852273219277
77,5,1.0684245553986038,0.48013449156930177,2.023055504274046,2.0230555042740455,0.5057638760685114
78,5,1.3453841848313886,0.6742386134532385,2.605902532783415,2.605902532783417,0.6514756331958542
79,5,1.1319248303814988,0.5445965115713773,2.166081312533899,2.1660813125339033,0.5415203281334758
8,5,0.6813670974249225,0.3634872761450115,1.231053302624118,1.1034990014322383,0.2758747503580596
80,5,2.795895674331892,1.4882364369017786,5.580146835897904,5.580146835897905,1.3950367089744762
81,5,0.9859958396407406,0.4218991124815588,1.758354499830603,1.7583544998306038,0.43958862495765094
82,5,1.1205165974898748,0.5428129878125731,2.151425311980783,2.151425311980783,0.5378563279951958
83,5,0.8766538669246973,0.334538024669739,1.5729830487003131,1.5729830487003138,0.39324576217507845
84,5,0.8638781076327549,0.34782745197656373,1.5646807292780254,1.5646807292780252,0.3911701823195063
85,5,0.8223693493373408,0.29998325478113264,1.4079814884407276,1.4079814884407278,0.35199537211018195
86,5,2.132911723147433,1.0939129779059302,4.175097387566777,4.175097387566774,1.0437743468916936
87,5,2.1750843742067345,1.088331422390532,4.226678736349537,4.226678736349535,1.0566696840873837
88,5,0.8252043396905222,0.30567539654547216,1.4485285633390073,1.448528563339007,0.36213214083475176
89,5,1.070265516535304,0.46074140452799234,1.9756094493713723,1.9756094493713725,0.4939023623428431
9,5,0.619906120648525,0.3935009878115241,1.1722876411032366,1.0892070174331108,0.2723017543582777
90,5,0.9440839972785939,0.34882687957818703,1.5937056314025637,1.5937056314025657,0.39842640785064143
91,5,1.4479461832647673,0.6904563498998119,2.814339207066605,2.8143392070666042,0.7035848017666511
92,5,1.2882821749350046,0.6175694453793643,2.4605766073115687,2.4605766073115714,0.6151441518278928
93,5,0.8469868454118222,0.3460768929037842,1.5400492807279405,1.5400492807279387,0.38501232018198467
94,5,1.0924462915424933,0.46499452150983545,1.8784820012604522,1.6356394665470895,0.40890986663677237
95,5,1.0149009668137852,0.4089389649648077,1.8100653767047246,1.8100653767047241,0.45251634417618103
96,5,1.1065281645812228,0.46417926248962343,1.9863516781390114,1.9863516781390105,0.4965879195347526
97,5,1.923926962226585,1.0222863859593805,3.7819583889452986,3.781958388945299,0.9454895972363248
98,5,1.2251325810180438,0.5500001481262033,2.2984261537889243,2.2984261537889217,0.5746065384472304
99,5,2.3934245560009595,1.1786622210088638,4.703103031536606,4.703103031536606,1.1757757578841515
